file,contributor,class,timestamp
candidate/candidate_000.png,contributor_A,0,2026-09-29T10:00:00Z
candidate/candidate_001.png,contributor_A,1,2026-09-29T10:00:00Z
candidate/candidate_002.png,contributor_A,0,2026-09-29T10:00:00Z
candidate/candidate_003.png,contributor_A,1,2026-09-29T10:00:00Z
candidate/candidate_004.png,contributor_A,0,2026-09-29T10:00:00Z
candidate/candidate_005.png,contributor_A,1,2026-09-29T10:00:00Z
candidate/candidate_006.png,contributor_A,0,2026-09-29T10:00:00Z
candidate/candidate_007.png,contributor_A,1,2026-09-29T10:00:00Z
candidate/candidate_008.png,contributor_A,0,2026-09-29T10:00:00Z
candidate/candidate_009.png,contributor_A,1,2026-09-29T10:00:00Z
candidate/candidate_010.png,contributor_B,0,2026-09-29T10:00:00Z
candidate/candidate_011.png,contributor_B,1,2026-09-29T10:00:00Z
candidate/candidate_012.png,contributor_B,0,2026-09-29T10:00:00Z
candidate/candidate_013.png,contributor_B,1,2026-09-29T10:00:00Z
candidate/candidate_014.png,contributor_B,0,2026-09-29T10:00:00Z
candidate/candidate_015.png,contributor_B,1,2026-09-29T10:00:00Z
candidate/candidate_016.png,contributor_B,0,2026-09-29T10:00:00Z
candidate/candidate_017.png,contributor_B,1,2026-09-29T10:00:00Z
candidate/candidate_018.png,contributor_B,0,2026-09-29T10:00:00Z
candidate/candidate_019.png,contributor_B,1,2026-09-29T10:00:00Z
candidate/candidate_duplicate.png,contributor_A,0,2026-09-29T10:00:00Z
